1,2021/4/1,0,9999-12-31,中條,奏佑,ナカジョウ,ソウスケ,男,15,89B6CA80-84CF-3509-0731-7A8CF76D5EC3,5cwy1oelgo@gmail.com
1,2021/4/1,0,2022-07-31,信田,梨帆,ノブタ,リホ,女,13,3408A510-CF86-8AE6-8A0C-3C02EAA85D15,7uxrfngmy43@gmail.com
1,2021/4/1,0,2022-06-30,小栗,智希,オグリ,トモキ,男,7,503CAFE4-F92D-80FA-A3D7-463BA53EF671,9cjiwl4d04ask@gmail.com
1,2021/4/1,0,2022-05-15,大崎,滉平,オオサキ,コウヘイ,男,2,EB7F37C1-2FF5-3BD3-70DD-39D564B62567,ljh2mxrrzg@gmail.com
1,2021/4/1,0,2022-05-15,中條,綺音,ナカジョウ,アヤネ,女,12,89B6CA80-84CF-3509-0731-7A8CF76D5EC3,gbb9qorq0ta@gmail.com
1,2021/4/1,0,2022-04-15,小栗,百々花,オグリ,モモカ,女,15,503CAFE4-F92D-80FA-A3D7-463BA53EF671,ninlbp8p@gmail.com
1,2021/4/1,0,2022-04-15,広田,爽,ヒロタ,サヤ,女,10,5F7AF70C-8BFE-B8D2-D325-B5053E376D68,i15fl05fjg@gmail.com
1,2022/4/1,0,2022-04-15,中條,大雅,ナカジョウ,タイガ,男,5,89B6CA80-84CF-3509-0731-7A8CF76D5EC3,1srab18e9qv@gmail.com
1,2022/3/1,1,2022-3-31,湯浅,大智,ユアサ,タイチ,男,5,57C6352D-BAC1-F4DD-3A9D-64538099C4FD,jr55lxzkm@gmail.com
1,2022/5/15,0,9999-12-31,福士,天翔,フクシ,タケル,男,13,E54DD4B8-AE9A-A86E-C159-FBCB6E585AD7,25d538mh@gmail.com
1,2021/4/1,1,2022-3-15,桐生,紬希,キリュウ,ツムギ,女,15,43088BE3-03DE-3CFF-ECEE-AFFE7011151C,50020veqpa8sx@gmail.com
1,2021/4/1,1,2021/5/31,宮野,萌絵,ミヤノ,モエ,女,11,3B69FA18-5465-FFB2-931B-B7031D6E7E92,b1gji7qvj@gmail.com
1,2021/4/1,1,2021/5/31,楠,航,クスノキ,ワタル,男,4,D8F493DA-AC61-04C7-D602-4BA8CE0AF95F,v5t0kw2wf044p@gmail.com
1,2021/4/1,1,2021/5/31,吉田,華恋,ヨシダ,カレン,女,14,55BB6427-EC24-F526-2734-4EEDB36A3CEC,o5xc6qz2@gmail.com
1,2021/4/1,1,2021/5/31,柏木,理彩,カシワギ,リナ,女,9,518A0BF3-618C-DA97-5678-291CF4841604,9g7sj1zbd@gmail.com
1,2021/4/1,1,2021/5/31,大河内,翔子,オオコウチ,ショウコ,女,12,971E0232-F14B-4D60-3096-1A3232705354,gulv2oms@gmail.com
1,2021/4/1,1,2021/5/31,高桑,珠里,タカクワ,ジュリ,女,1,ACF3F1DF-5376-D140-D932-9ED8D04B3B1A,qshwp067@gmail.com
1,2021/4/1,1,2021/5/31,木下,隼也,キノシタ,シュンヤ,男,12,A082EDA2-9062-4012-1580-17A1DA0E223F,1577phpp95b@gmail.com
1,2021/4/1,1,2021/5/31,菱沼,知優,ヒシヌマ,チヒロ,女,15,A72CA1B7-F7AA-F5C6-887D-D50FFF14A903,a3wg9vyqw@gmail.com
1,2021/4/1,1,2021/5/31,関根,拓夢,セキネ,タクム,男,10,8CBD9346-8FD4-D1F3-0226-1AC1E0131DC9,nnklme0ln0@gmail.com
1,2021/4/1,1,2021/6/30,小沢,瑞紀,オザワ,ミズキ,女,5,B09AE8EE-B277-9638-B752-889A94581F24,4cydaus167sy@gmail.com
1,2021/4/1,1,2021/6/30,古川,悠愛,フルカワ,ユイ,女,10,06D7C106-1477-5133-198C-0067C7A074DC,03g6oiegb4@gmail.com
1,2021/4/1,1,2021/6/30,川岸,紗也,カワギシ,サヤ,女,15,923A87B7-FB8B-9EEE-DA91-44FD30268279,tm1re4fw16fzp@gmail.com
1,2021/4/1,1,2021/6/30,小久保,真之介,コクボ,シンノスケ,男,11,C389DC50-1996-7BA6-250D-06C2BA417EDB,c6svfbfq73pq@gmail.com
1,2021/4/1,1,2021/6/30,真壁,哲平,マカベ,テッペイ,男,3,50098FA7-1441-0219-CAD4-B87F0B7DC481,bxetc8w98uwto@gmail.com
1,2021/4/1,1,2021/6/30,所,晃成,トコロ,コウセイ,男,7,2EE2F13A-494F-3487-FF35-C25FDF54D767,2n32xq4nqi@gmail.com
1,2021/4/1,1,2021/6/30,北井,美幸,キタイ,ミユキ,女,14,19DB6EB2-2636-E1A3-8C28-EC081A8E5A6E,gqozlgocwa@gmail.com
1,2021/4/1,1,2021/6/30,太田,朋美,オオタ,トモミ,女,12,C454B6BA-04C9-A621-B755-FA6A860080C7,8kferimuy9pw@gmail.com
1,2021/4/1,1,2021/6/30,柏崎,悠馬,カシワザキ,ユウウマ,男,9,C9E12587-7D87-2D8C-A354-76CAF2FD68ED,cfxbqog99w@gmail.com
1,2021/4/1,1,2021/6/30,柳本,希咲,ヤナモト,キサキ,女,2,AEE55848-093F-BBDE-BE0A-D7A4C5AD491C,xmbl1bmuoxj1@gmail.com
1,2021/4/1,1,2021/7/31,柚木,謙,ユノキ,ケン,男,10,76DAA693-ED99-55FE-4CB7-8914613C84FD,390v984fx@gmail.com
1,2021/4/1,1,2021/7/31,小林,侑真,コバヤシ,ユウマ,男,12,DD4BBAE4-B4AD-CC80-03BC-E8C0660957E7,fmviadmlc@gmail.com
1,2021/4/1,1,2021/7/31,毛利,響,モウリ,ヒビキ,女,11,733332F1-66CD-531C-BDA1-2963E5A0D027,xf7yhdixpql@gmail.com
1,2021/4/1,1,2021/7/31,岡本,遼人,オカモト,ハルト,男,10,B6F9D2BA-6F9B-737E-7413-5BA716C4DE99,0ar9ieg8b@gmail.com
1,2021/4/1,1,2021/7/31,大畑,詩,オオハタ,シホリ,女,1,9D4B68D2-FD06-4F0E-5EE6-88215DC444B6,0vwzkpxip1mey@gmail.com
1,2021/4/1,1,2021/7/31,徳丸,知優,トクマル,チヒロ,女,3,73BCA22C-DB57-81FB-ECAD-87FDD891CC8F,9ygjdf0e2@gmail.com
1,2021/4/1,1,2021/7/31,竹川,浩輝,タケガワ,ヒロキ,男,11,7C566247-B04E-EF57-2BB5-D8FE6B04135C,d3omikuqokn2s@gmail.com
1,2021/4/1,1,2021/7/31,岩尾,莉沙,イワオ,リサ,女,4,878ABA26-81F5-7809-2658-45DCA5745B7A,8vypzy9ja@gmail.com
1,2021/4/1,1,2021/7/31,木田,祐紀,キダ,ユウキ,男,4,2EAC6E2A-D0E0-1488-FAA3-4CCDDF6C592B,1euk7wljwkl@gmail.com
1,2021/4/1,1,2021/7/31,竹内,航生,タケウチ,コウセイ,男,14,D3E9F5AF-E126-2E79-3128-BBAD0B0FF846,h53qg0a5bg@gmail.com
1,2021/4/1,1,2021/8/31,島野,優実,シマノ,ユウミ,女,11,AA6EBBAE-8A6D-E7A3-9231-E768F770DADE,8853q8vlawas@gmail.com
1,2021/4/1,1,2021/8/31,平出,正義,ヒラデ,マサヨシ,男,5,57D219B9-DECB-04FC-8BA1-499BE82C162E,9lw5qg3h2@gmail.com
1,2021/4/1,1,2021/8/31,竹之内,隼士,タケノウチ,ハヤト,男,1,7F356999-EFCB-BE2B-5CB9-2090512CF2E4,xpn232e6fjo1@gmail.com
1,2021/4/1,1,2021/8/31,瀬戸口,剛史,セトグチ,ツヨシ,男,14,FF2D28DA-65A9-7CA9-B9C6-B86A2A94DF0A,pabzagzlyx2@gmail.com
1,2021/4/1,1,2021/8/31,佃,美愛,ツクダ,ミエ,女,12,794577C9-DE5C-D254-4A59-881900D27099,tcd6xnx7vcd9@gmail.com
1,2021/4/1,1,2021/8/31,肥田,百香,ヒダ,モモカ,女,13,E66C50BF-A474-4ED4-D6FB-8DA4A072AEE3,ta872y95pwj0@gmail.com
1,2021/4/1,1,2021/8/31,井内,佳乃,イウチ,ヨシノ,女,15,BC9219FE-F385-E40E-3063-18B6CE8DECDB,en3y7dbeu@gmail.com
1,2021/4/1,1,2021/8/31,成瀬,瑠菜,ナルセ,ルナ,女,13,A8E2EE91-50E0-02AD-9DFD-E72E3BAA9708,flxz0c11tse@gmail.com
1,2021/4/1,1,2021/8/31,近藤,颯也,コンドウ,ソウヤ,男,3,B4554136-A506-02AC-68BF-C7690B8E5400,c6z9s799@gmail.com
1,2021/4/1,1,2021/8/31,高梨,流星,タカナシ,リュウセイ,男,3,8DFBAF39-55A2-E666-CCB5-439A03145485,5vbp84fn159mw@gmail.com
1,2021/4/1,1,2021/9/30,日野,梨桜,ヒノ,リオ,女,10,6CA5372D-9125-0ACB-A40F-A5248EE779D5,11euhw2d7@gmail.com
1,2021/4/1,1,2021/9/30,福井,和樹,フクイ,カズキ,男,11,C1447D53-D192-9CA1-2B29-BBB20231C97A,v3dg7d89@gmail.com
1,2021/4/1,1,2021/9/30,伴,夢彩,ハン,ユア,女,9,A113E9EB-0C44-2F6E-76BE-C831D75F3FAF,l5os9mn4c4o@gmail.com
1,2021/4/1,1,2021/9/30,高久,侑奈,タカク,ユウナ,女,4,3124F451-DEA6-1DB6-BFBF-426CF4ECA6EB,ljk36wzeop@gmail.com
1,2021/4/1,1,2021/9/30,菅井,誠太,スガイ,セイタ,男,13,42A378F0-446B-31D7-D3E7-094CA62B7151,r1itzypp3m5z@gmail.com
1,2021/4/1,1,2021/9/30,谷川,楓雅,タニガワ,フウガ,男,5,5ACB7C8B-69D6-C702-F846-DE335BA4E687,e1xb5iclzsc@gmail.com
1,2021/4/1,1,2021/9/30,板橋,竜太郎,イタバシ,リュウタロウ,男,8,223757F2-EDFD-997A-D59E-8A68D2DDF9F8,umsihstkkdq0@gmail.com
1,2021/4/1,1,2021/9/30,森川,歩美,モリカワ,アユミ,女,12,87F2E668-0E14-3756-8FE8-46C4716094EC,o8z89hfg3@gmail.com
1,2021/4/1,1,2021/9/30,西谷,竜雅,ニシタニ,リュウガ,男,9,07005498-CDCD-7E25-043B-D57394652B89,tyl6c41oz@gmail.com
1,2021/4/1,1,2021/9/30,白土,希咲,シラツチ,キサキ,女,7,8D13E8DB-A757-34E1-553D-381B282624DF,adb3jnglyk@gmail.com
1,2021/4/1,1,2021/10/31,勝田,楓雅,カツタ,フウガ,男,8,A0811084-2DA0-0D06-6A00-10A30BD53DCE,ml8tv21kkgw@gmail.com
1,2021/4/1,1,2021/10/31,木崎,澪,キザキ,ミオ,女,11,095BF675-A089-F104-F503-D1BAB1B9D6BF,o0cov30cf8yw@gmail.com
1,2021/4/1,1,2021/10/31,石島,壮汰,イシジマ,ソウタ,男,7,710845CE-70EE-3C60-42F1-B90DD7A85AFA,mr98ori9@gmail.com
1,2021/4/1,1,2021/10/31,秋山,柚稀,アキヤマ,ユズキ,女,15,58E70D36-DCB9-DAAE-DB13-C4AF0F8EAB4A,biohw91zntr8@gmail.com
1,2021/4/1,1,2021/10/31,藤崎,大惺,フジサキ,タイセイ,男,9,765759FD-F2C5-3A01-EDE3-188024DB092B,9tenffjs@gmail.com
1,2021/4/1,1,2021/10/31,牛島,心結,ウシジマ,ミユ,女,12,5719A85C-962F-F7EF-C750-9E6D89F3E881,g1mm3xj8q@gmail.com
1,2021/4/1,1,2021/10/31,小笠原,千夏,オガサワラ,チナツ,女,1,17B55597-28C4-8CF1-0C55-0148D95E6A43,pgs64h7i1f@gmail.com
1,2021/4/1,1,2021/10/31,氏家,萌々子,ウジイエ,モモコ,女,4,7EC22EE6-7F75-FF2C-5A93-3660C329507A,lbdzma035@gmail.com
1,2021/4/1,1,2021/10/31,永井,彩香,ナガイ,アヤカ,女,1,58A6C476-573B-B171-599B-70750E758E41,q4s37lu2ndxuc@gmail.com
1,2021/4/1,1,2021/10/31,新,耕平,シン,コウヘイ,男,5,DA00B473-5F3B-3F1E-CE6B-D5DC0D1FDDCE,f0zacpdllost@gmail.com
1,2021/4/1,1,2021/11/30,丹羽,佳樹,ニワ,ヨシキ,男,14,3E98108A-C6EA-60B9-950A-8DE78F685F2D,m2qu5t6o@gmail.com
1,2021/4/1,1,2021/11/30,栗原,楓子,クリハラ,カナコ,女,6,4850FD46-9096-CBB3-50DC-9B9E315C8AEB,euwga073njhzu@gmail.com
1,2021/4/1,1,2021/11/30,小村,このみ,オムラ,コノミ,女,5,A40648F1-D23A-FFC8-5E73-878ACBCF0E1C,str144z1qbnhd@gmail.com
1,2021/4/1,1,2021/11/30,秋本,裕也,アキモト,ユウヤ,男,14,E8AB712F-D9A9-06BA-A35A-3C42E2157DF8,gy27atxwg@gmail.com
1,2021/4/1,1,2021/11/30,田原,彩夢,タハラ,アヤメ,女,5,B8D2B960-49DC-4AE2-C9E6-4C274A7B2E32,a71isdk58kl@gmail.com
1,2021/4/1,1,2021/11/30,津久井,然,ツクイ,ゼン,男,11,32D4FFFC-B1C1-70AE-A662-EC89B3474F1D,fexrlythqdd@gmail.com
1,2021/4/1,1,2021/11/30,平岩,莉瑚,ヒライワ,リコ,女,13,07E02A3B-214F-A469-9D81-C19DA86788FE,fta50bmzwk@gmail.com
1,2021/4/1,1,2021/11/30,吉山,創士,ヨシヤマ,ソウシ,男,12,7BCCE38D-51F8-7B25-8278-95DB345818B0,j3myjkk0427@gmail.com
1,2021/4/1,1,2021/11/30,寺西,龍希,テラニシ,リュウキ,男,4,1F3517F6-4B56-9703-2315-3ED69486F2DF,sssjzhjx7@gmail.com
1,2021/4/1,1,2021/11/30,宇佐見,雪菜,ウサミ,ユキナ,女,14,12375F0B-3F2F-F680-611E-8FE5E3E53B64,a3srv57hf@gmail.com
1,2021/4/1,1,2021/12/31,大家,明音,オオイエ,アカネ,女,7,228BCBEE-A483-318E-1774-AB076A64B219,vharmdz5fsta@gmail.com
1,2021/4/1,1,2021/12/31,古瀬,隼人,フルセ,ハヤト,男,15,6935D211-9F54-9899-C7DC-595BCF2BBFA8,clk79ae8g@gmail.com
1,2021/4/1,1,2021/12/31,相澤,大輝,アイザワ,タイキ,男,7,0E47512B-1D46-B561-B5C0-AA40555DBF2F,xkzyrfj29@gmail.com
1,2021/4/1,1,2021/12/31,北原,楓子,キタハラ,カナコ,女,10,CCE0DC2D-4A9E-E8C5-C671-07E0C176ECFA,91fxktugh1ut@gmail.com
1,2021/4/1,1,2021/12/31,島,幸佑,シマ,ユキヒロ,男,8,6112FB6C-4092-5D25-3F1D-84A82A1ED665,g0x711jlmnc@gmail.com
1,2021/4/1,1,2021/12/31,杉本,怜菜,スギモト,レナ,女,4,1F33E3B1-57D0-B5C9-ED24-6D168AD8ADCD,v5iu6gndt@gmail.com
1,2021/4/1,1,2021/12/31,今野,世奈,コンノ,セナ,女,5,C64E82E8-89E1-9B95-EE46-7C9A517F19EB,yfaz99ejd@gmail.com
1,2021/4/1,1,2021/12/31,黒須,裕香,クロス,ユカ,女,10,CF617C75-B64C-3691-E309-24D1ABE965A9,mrejn8gzg6m@gmail.com
1,2021/4/1,1,2021/12/31,八幡,知也,ヤワタ,トモヤ,男,15,4537244C-412E-6500-E6FC-FD8A0C45C308,i4stbqahwi@gmail.com
1,2021/4/1,1,2021/12/31,島村,結,シマムラ,ユイ,女,9,BABC559B-E720-EAB0-9FEB-153A8FA36A84,u1n03qzc@gmail.com
1,2021/4/1,1,2022/1/31,名取,智紀,ナトリ,トモノリ,男,9,EE174F73-FE47-8C3E-872F-5363B494DFBB,8d1er0p16k@gmail.com
1,2021/4/1,1,2022/1/31,土谷,沙耶香,ツチヤ,サヤカ,女,1,2C058DDD-0DFB-04BC-392A-72466B0530AD,mfsq818gql28@gmail.com
1,2021/4/1,1,2022/1/31,岡元,雅斗,オカモト,マサト,男,12,AA13B18D-F8B3-6C87-3B40-477AE650C085,nc5d1r49@gmail.com
1,2021/4/1,1,2022/1/31,中平,丈,ナカヒラ,マサル,男,2,CC66E9DE-DEE6-4D5E-769A-667EBB64035E,d62vix80t@gmail.com
1,2021/4/1,1,2022/1/31,加賀,暁,カガ,アキラ,男,15,9F706585-7788-D821-EEF4-E2D79EF894B2,071he6e7jzvd@gmail.com
1,2021/4/1,1,2022/1/31,河村,大誠,カワムラ,タイセイ,男,13,DB291BCB-BD50-21DC-EBF6-A343532968E5,y8sxomozfowns@gmail.com
1,2021/4/1,1,2022/1/31,永岡,咲,ナガオカ,サキ,女,1,87E3315E-ACAF-9FC0-0325-6BBA546E84C0,cyjqs0vjubuwp@gmail.com
1,2021/4/1,1,2022/1/31,熊野,大空,クマノ,ヒロタカ,男,15,7AE96D10-7B25-98EB-91E5-8FDACFE7F115,h3et0m5fhlonv@gmail.com
1,2021/4/1,1,2022/1/31,笹川,尚,ササガワ,ナオ,女,3,6FC0CB99-2A9B-1F2F-CB5B-4BD521B97FA1,84oeb3nsi@gmail.com
1,2021/4/1,1,2022/1/31,杉野,美桜,スギノ,ミオ,女,10,CE253825-C4F8-7F54-283B-AB5A9108F10B,wtgv7z24@gmail.com
2,2021/4/1,0,9999-12-31,海野,大,ウメノ,ヒロシ,男,1,7CC72858-7C4B-D3D6-BAE5-BB9A15D62233,xnve91j7td4@gmail.com
2,2021/4/1,0,9999-12-31,塩原,沙彩,シオハラ,サアヤ,女,1,55321362-A6BE-33F4-DAC1-CB406B722240,d4l1nl2gmio@gmail.com
2,2021/4/1,0,9999-12-31,友田,夢奈,トモダ,ユナ,女,1,273041C4-0359-3249-520D-5616B84001D7,rlm26ypv4gjbc@gmail.com
2,2021/4/1,0,9999-12-31,関根,昂平,セキネ,コウヘイ,男,13,0966122F-B762-B8CB-F074-A22EC31DE032,e25pbqcf8wo@gmail.com
2,2021/4/1,0,9999-12-31,柳澤,更紗,ヤナギサワ,サラサ,女,15,4F440176-5962-C780-1D8C-99860263E32C,8ipxe9c79u@gmail.com
2,2021/4/1,0,9999-12-31,島本,麗,シマモト,レイ,男,10,152858BB-5435-F007-EAE7-147DA0F2DD69,dbaeeyv6cgewt@gmail.com
2,2021/4/1,0,9999-12-31,河合,暉,カワイ,テル,男,7,C207C0B8-DA46-10DA-65F5-995811781F51,diuld62biiimj@gmail.com
2,2021/4/1,0,9999-12-31,牛尾,響輝,ウシオ,ヒビキ,男,12,56D7F066-C2F6-34E0-0990-AC9B3FDE3132,4i8km0xq@gmail.com
2,2021/4/1,0,9999-12-31,宮脇,聖人,ミヤワキ,ショウト,男,2,0C09944F-DC0A-D46F-05F3-2B1B2F8221DD,fle8s9lg1mwvr@gmail.com
2,2021/4/1,0,9999-12-31,伏見,翔梧,フシミ,ショウゴ,男,8,29643C98-D0A9-B688-5360-404E7CAC1A19,lmofgev8b66p@gmail.com
2,2021/4/1,1,2022/3/31,澤井,孝太朗,サワイ,コウタロウ,男,14,BC09C19F-8609-73E3-FB89-CD01B1A93F92,y2r3iisb40o3@gmail.com
2,2021/4/1,1,2022/3/31,新妻,智也,ニイヅマ,トモヤ,男,8,7430AE2D-1A59-2131-F49A-0795C562C623,errzyobg4@gmail.com
2,2021/4/1,1,2022/3/31,木谷,耕平,キタニ,コウヘイ,男,15,9B89595E-9646-A85F-D7A5-964D6EC9158A,4kp8ob8lxpjrn@gmail.com
2,2021/4/1,1,2022/3/31,二木,陽哉,ニキ,ハルヤ,男,10,9DC36236-F571-0502-E682-66C0AADF0D98,0nh3zqpzb@gmail.com
2,2021/4/1,1,2022/3/31,柳井,莉歩,ヤナイ,リホ,女,1,95ED52B7-1B49-860E-2935-3A509E49252C,jnk44r55@gmail.com
2,2021/4/1,1,2022/3/31,安保,琉生,アボ,ルイ,男,10,F8AF54F4-4A79-2695-3141-68C2011D0406,53cb6wsup2v@gmail.com
2,2021/4/1,1,2022/3/31,北条,貴史,ホウジョウ,タカシ,男,14,2EECA8FD-86A5-EA0E-5ABA-B7CAAE72E471,z2o93xn5oq8u0@gmail.com
2,2021/4/1,1,2022/3/31,星野,心,ホシノ,ココロ,女,14,25834619-EB84-EABD-9C83-72275D809E7F,n03xdo2b1y@gmail.com
2,2021/4/1,1,2022/3/31,塚原,愛桜,ツカハラ,マオ,女,7,6A46ACAC-5104-6D66-642B-045DF97553C2,12zks018a@gmail.com
2,2021/4/1,1,2022/3/31,牛山,羽奏,ウシヤマ,ワカナ,女,1,B37D9136-56A3-44EB-8B38-482E99708306,zhe388ta@gmail.com
2,2021/4/1,1,2022/4/30,市野,俊輝,イチノ,トシキ,男,5,AB605797-C204-1C1B-6571-2B916F897D57,cm79ym7d43s@gmail.com
2,2021/4/1,1,2022/4/30,川俣,凜桜,カワマタ,リオ,女,3,E6064D97-BF01-D234-24CE-DF4233D71CF2,n3g0tjmc10x@gmail.com
2,2021/4/1,1,2022/4/30,松川,愛未,マツカワ,マナミ,女,1,FDD8CE52-7A5E-17EC-BA53-C2987239DB5A,e0f5ri2e2z@gmail.com
2,2021/4/1,1,2022/4/30,宮野,夏実,ミヤノ,ナツミ,女,8,38278AD0-29BD-52F8-0E73-F550530B615E,rni3fc5os@gmail.com
2,2021/4/1,1,2022/4/30,石井,陽葵,イシイ,ヒナタ,女,10,AF5EEBBD-BB36-F78E-793F-0A4F54ACA84B,cvyo1cyet@gmail.com
2,2021/4/1,1,2022/4/30,比嘉,里緒,ヒガ,リオ,女,14,9164ED02-0CCD-F56B-9E65-6699E51A9928,qkajonpcgce@gmail.com
2,2021/4/1,1,2022/4/30,下平,佳音,シモヒラ,カノン,女,3,32771CBB-96EE-28CB-A73A-15086E291DF0,mmvrpy08toqv@gmail.com
2,2021/4/1,1,2022/4/30,永田,浩平,ナガタ,コウヘイ,男,3,6FF2BB57-24F6-D529-C1FD-BF38DE02D3A7,8j5cwe6xvcg3@gmail.com
2,2021/4/1,1,2022/4/30,荒巻,広大,アラマキ,コウダイ,男,3,7F89A400-9ABE-1B1C-06D5-77A8CD6CC601,yzk7669cri09@gmail.com
2,2021/4/1,1,2022/4/30,前野,みゆ,マエノ,ミユ,女,5,734A1B00-3325-A6EB-608C-E0CFD120BFBB,cjkh8s6s1ih@gmail.com
2,2021/4/1,1,2022/5/31,玉木,響介,タマキ,キョウスケ,男,1,33B2DD88-CA19-C808-0562-2687D5D23A6F,uomzbm6e@gmail.com
2,2021/4/1,1,2022/5/31,濱田,圭悟,ハマダ,ケイゴ,男,10,A7164C12-B5D9-3FB3-F648-BFCCE30CE930,lrp43xwj@gmail.com
2,2021/4/1,1,2022/5/31,間宮,瑠星,マミヤ,リュウセイ,男,13,D23AEFD2-A08B-30F2-8222-70478180EAF2,1jqzoegv2r@gmail.com
2,2021/4/1,1,2022/5/31,岡野,瑠美,オカノ,ルミ,女,6,02A64E95-F56D-7DC3-36E4-DFC5B688BB04,ot6zxdg6xa@gmail.com
2,2021/4/1,1,2022/5/31,柳谷,亮佑,ヤナギヤ,リョウスケ,男,13,228ADB21-3DC1-0422-A122-581568210D4D,obb7m3s46ccn@gmail.com
2,2021/4/1,1,2022/5/31,谷沢,結花,タニザワ,ユカ,女,9,883C5F0B-2D46-1C30-A987-C15C51D2AA3F,dbzt6ujyxe@gmail.com
2,2021/4/1,1,2022/5/31,柚木,歩花,ユノキ,アユカ,女,11,DBCB2C6D-931B-A4BF-3B29-B75A9B288743,0q765rez9jzy4@gmail.com
2,2021/4/1,1,2022/5/31,齊藤,怜,サイトウ,サトシ,男,7,FA9127E3-D315-6156-5668-17AE15118E2F,6ul9dn8n4jqc@gmail.com
2,2021/4/1,1,2022/5/31,嶋村,優真,シマムラ,ユウマ,男,9,CB75A071-F4DC-C9E3-814C-177C0C7A6221,xtm034n2xog@gmail.com
2,2021/4/1,1,2022/5/31,福地,星,フクチ,アカリ,女,5,113E8BA8-1E6B-C421-6AE8-C1061B475DDB,6op2ne7dh1n@gmail.com
2,2021/4/1,1,2022/5/31,小田島,光里,オダジマ,ミサト,女,12,9B115EF8-0BA9-BFCF-6A28-090FE3920A28,61hil0x6hck5f@gmail.com
2,2021/4/1,1,2022/5/31,中嶋,一平,ナカジマ,イッペイ,男,1,CEBE5334-2B78-2529-27C0-FD06F7C3ACD7,r7n1ptebl@gmail.com
2,2021/4/1,1,2022/5/31,和気,優来,ワケ,ユキ,女,7,BACE0600-FEB6-4936-FC23-DFB4EAF2F894,dx3tdshl@gmail.com
2,2021/4/1,1,2022/5/31,星,康介,ホシ,コウスケ,男,13,C4EAC240-F8C6-5242-3723-06AD45B61F29,58ncnxauyfrl@gmail.com
2,2021/4/1,1,2022/5/31,上山,叶翔,カミヤマ,カナト,男,3,C96DBABB-F34C-413F-CB6C-89FE18B29840,o9zakwwa4u30y@gmail.com
2,2021/4/1,1,2022/5/31,栗林,明音,クリバヤシ,アカネ,女,3,ADCBE28F-C2A8-9F5A-DDF4-ABA4EB704E3F,j4m5xsh3j@gmail.com
2,2021/4/1,1,2022/5/31,松澤,一翔,マツザワ,カズト,男,1,1ED56DF1-2E26-6C2A-8472-478AAD9A5CD3,8tczalp9if@gmail.com
2,2021/4/1,1,2022/5/31,奥本,遙香,オクモト,ハルカ,女,13,BF438FFC-29E8-03FA-B052-1BF5A172562D,grfn5g4zwjo@gmail.com
2,2021/4/1,1,2022/5/31,竹之内,将吾,タケノウチ,ショウゴ,男,14,B6649B27-D386-97B2-3F01-0BC0393155C0,70jb8gwukyntn@gmail.com
2,2021/4/1,1,2022/5/31,畑,瑛太,ハタ,エイタ,男,1,2477559A-E88B-217D-54BC-69E3A6EACE93,sx0cw0l9@gmail.com
2,2021/4/1,1,2022/5/31,遠山,昇,トオヤマ,ノボル,男,4,D21E09F5-F714-A5D3-BE3F-67BD90B88C54,7h8ubv2p@gmail.com
2,2021/4/1,1,2022/5/31,早坂,遙斗,ハヤサカ,ハルト,男,9,BDC63E92-75EC-D008-BAA2-D7A3AF9D29AB,tpmoegvhftzf@gmail.com
2,2021/4/1,1,2022/5/31,鷲見,壮真,ワシミ,ソウマ,男,10,1ED2D482-49B3-F399-1878-E814E683EE84,jtohhfgz@gmail.com
2,2021/4/1,1,2022/5/31,町田,咲樹,マチダ,サキ,女,6,7EB72E08-D3A5-A78C-52B5-8D93E78AA043,sdzb8jc5sepl@gmail.com
2,2021/4/1,1,2022/5/31,奥本,明莉,オクモト,アカリ,女,2,C8D96A7D-EFEA-27B2-1397-6F503869ADF3,hken05401sj@gmail.com
2,2021/4/1,1,2022/5/31,東海林,啓人,ショウジ,ヒロト,男,14,5312C95F-B727-4891-46B6-DD374CC4F20A,gd9am9qy0r92@gmail.com
2,2021/4/1,1,2022/5/31,飯村,泰輝,イイムラ,タイキ,男,4,2D966913-71A6-AE2C-0E23-3C80F4A2AF5F,69li8wva@gmail.com
2,2021/4/1,1,2022/5/31,井関,和彦,イセキ,カズヒコ,男,11,1A73A85C-EB38-7733-C1FD-9AE14049AFC9,nnb439p0c@gmail.com
2,2021/4/1,1,2022/5/31,塚越,優磨,ツカコシ,ユウマ,男,5,450689AF-D058-5293-91A8-B21FDAF93220,ujgxs61n@gmail.com
2,2021/4/1,1,2022/5/31,石田,志歩,イシダ,シホ,女,9,9EF615D5-B2F9-1AED-ABC3-0D0A45E9A2DF,jx16l4nsh8ua@gmail.com
2,2021/4/1,1,2022/5/31,石島,誠人,イシジマ,マコト,男,5,91900460-1540-DCD3-9C40-A8ED4F67AAED,7f0g04v95k@gmail.com
2,2021/4/1,1,2022/5/31,元木,伶奈,モトキ,レナ,女,13,4DF9DFEA-EFB6-84AD-1010-6F03FCDB7B33,2t0dihq59m78g@gmail.com
2,2021/4/1,1,2022/5/31,小玉,翔大,コダマ,ショウタ,男,11,974B57E6-2DAD-63CD-B4DA-EE933C6986C6,i2jxxs4c@gmail.com
2,2021/4/1,1,2022/5/31,石井,謙太,イシイ,ケンタ,男,7,B931453F-A350-82DF-9466-4D52E382B8B1,1pbz2bkkj@gmail.com
2,2021/4/1,1,2022/5/31,有賀,智仁,アリガ,トモヒト,男,13,DF4D83B5-3AE5-7F70-BD5F-998E5967295F,3x4muklstz@gmail.com
2,2021/4/1,1,2022/5/31,谷岡,快,タニオカ,カイ,男,4,5E1F1E9C-5E64-C065-AAFB-064306739B39,94u5wpiri@gmail.com
2,2021/4/1,1,2022/5/31,細野,優果,ホソノ,ユウカ,女,9,8E222DD1-FDC1-1BE6-EA0B-9E7E7D25B68D,uq2kflgkdu4f@gmail.com
2,2021/4/1,1,2022/5/31,稲村,達哉,イナムラ,タツヤ,男,10,0760F192-9FB2-4D37-E83E-879F7C21E12F,1kc5831r@gmail.com
2,2021/4/1,1,2022/5/31,宮木,魁斗,ミヤキ,カイト,男,6,2AA06840-13A4-D35D-C3A1-03D0AAC927DB,c61srojqw6@gmail.com
2,2021/4/1,1,2022/5/31,沢,慶大,サワ,ケイダイ,男,8,5B8D860D-6A2F-52A5-DA66-52B63E61007C,ibi8b4jatgf@gmail.com
2,2021/4/1,1,2022/5/31,河野,萌,コウノ,モエ,女,5,79615C2E-A534-999F-B8F3-9823E9B84B4E,m6zdlp541vpkf@gmail.com
2,2021/4/1,1,2022/5/31,安保,瑠奈,アボ,ルナ,女,12,9AB44B80-EE42-59EC-7B39-2B15AD5B5754,iscxjmjhq121m@gmail.com
2,2021/4/1,1,2022/5/31,秦,創介,ハタ,ソウスケ,男,2,745A34D4-B447-5368-BC01-FB17894E51FE,sd3md8mlfwqf@gmail.com
2,2021/4/1,1,2022/5/31,奧野,塁,オウノ,ルイ,女,1,9A6E7B27-6490-4073-4305-C88B3A86E50E,argg60c07k@gmail.com
2,2021/4/1,1,2022/5/31,仲村,拓郎,ナカムラ,タクロウ,男,12,78B184B4-57CB-A729-14C8-139A954C3E3F,62uu5xw6csm7@gmail.com
2,2021/4/1,1,2022/5/31,田頭,咲良,タガシラ,サクラ,女,4,F6B7363D-F6A7-21E9-490B-3CF757D23E1D,aqa0jgvv@gmail.com
2,2021/4/1,1,2022/5/31,深井,温大,フカイ,ハルト,男,15,D8AFD484-EC3A-5E65-14F2-C3F7ED6A179B,65ro8yjy@gmail.com
2,2021/4/1,1,2022/5/31,外山,楓太,トヤマ,ソウタ,男,5,8E04F9D7-045A-F83C-F5C7-6B2FC21970CC,rw98gly2@gmail.com
2,2021/4/1,1,2022/5/31,大和,帆香,ヤマト,ホノカ,女,10,34A908C1-0C1D-DA4F-BE2C-9DDBE68FC0F9,yx5e9els5uj74@gmail.com
2,2021/4/1,1,2022/5/31,角田,秀斗,カクタ,シュウト,男,1,900C6019-699B-E08F-ABEC-429BFFC096B3,oi94o0nl8@gmail.com
2,2021/4/1,1,2022/5/31,小栗,力,オグリ,チカラ,男,3,A57C6C39-7DCC-99D9-EDC6-A8348BCA51D1,d8pnwre24y30@gmail.com
2,2021/4/1,1,2022/5/31,寺村,開斗,テラムラ,カイト,男,10,977B12FF-D70D-0FBE-F29F-F0724E593EDF,uwtmxns6zr@gmail.com
2,2021/4/1,1,2022/5/31,奥谷,悠稀,オクヤ,ユウキ,男,8,2CEFFEFC-E36D-24BC-546B-0E24CFD3F19B,adgfo88to8hq@gmail.com
2,2021/4/1,1,2022/5/31,長内,悠汰,オサナイ,ユウタ,男,14,13809E3C-C8BC-AD38-EADE-DB032471A11D,qct5v967fj@gmail.com
2,2021/4/1,1,2022/5/31,田渕,竣介,タブチ,シュンスケ,男,10,D75E5241-728F-0D7B-D7C2-008395E4415A,9gru2btat86q@gmail.com
2,2021/4/1,1,2022/5/31,小牧,智貴,コマキ,トモキ,男,13,6D866FD3-D616-42C0-43AF-CC76699CA8D4,fifkbsrzh@gmail.com
2,2021/4/1,1,2022/5/31,小森,聡汰,コモリ,ソウタ,男,9,10962DD2-AD1B-F429-B75B-4009F5CCD6BF,k5xdbwsvmo@gmail.com
2,2021/4/1,1,2022/5/31,青野,真琴,アオノ,マコト,男,2,AEE62F70-00D4-FE07-CBBF-39C586D44D63,10icckicln@gmail.com
2,2021/4/1,1,2022/5/31,平,理人,タイラ,マサト,男,6,0D2DA20F-5285-35CE-5C70-FABE02F2D966,hdgcob80uyh1@gmail.com
2,2021/4/1,1,2022/5/31,新川,悠平,アラカワ,ユウヘイ,男,7,E980AB2C-B986-8DC8-E278-7E6CB85C6BBC,d6o7t753@gmail.com
2,2021/4/1,1,2022/5/31,飯村,竜之介,イイムラ,リュウノスケ,男,12,A5065560-FC32-3A30-CA6C-A794C138255F,u1b6nrvy7u@gmail.com
2,2021/4/1,1,2022/5/31,内川,みのり,ウチカワ,ミノリ,女,6,4B6E9635-63FD-6356-24C4-76312DA56E2E,v4gfmjdmnxw1p@gmail.com
2,2021/4/1,1,2022/5/31,大友,凛太朗,オオトモ,リンタロウ,男,1,5EA78431-7622-16BA-2C14-13CB5A03F38A,qce6jh281z@gmail.com
2,2021/4/1,1,2022/5/31,具志堅,黎,グシケン,レイ,女,3,03CC3062-47D2-5310-A965-7D28CC77C9C4,ce1t9z8fj3c@gmail.com
2,2021/4/1,1,2022/5/31,樋口,環,ヒグチ,タマキ,女,15,166645AC-8326-3E16-EBB1-5CE8E79753A5,onl1s3l2ly@gmail.com
2,2021/4/1,1,2022/5/31,安倍,春佳,アベ,ハルカ,女,9,2187928D-3D76-3495-E1C1-7A8AA00E3B40,uq5554ebv@gmail.com
2,2021/4/1,1,2022/5/31,伊原,良太,イハラ,リョウタ,男,9,1D00AFF7-54DF-078F-1388-60B0D250F320,ucjzgn242x@gmail.com
2,2021/4/1,1,2022/5/31,池上,俊樹,イケガミ,トシキ,男,9,81DFEFFD-7B09-E295-4EF5-00F0268693D0,wy1s4u0bky@gmail.com
2,2021/4/1,1,2022/5/31,西本,里紗,ニシモト,リサ,女,9,AB5037AC-30A9-8385-1453-FE85386371C4,00sqw5syehqw@gmail.com
2,2021/4/1,1,2022/5/31,平原,芯,ヒラハラ,シン,男,12,D2AAE938-5F7C-ABD2-D390-5156269E6217,tud9lu0f861p@gmail.com
